"Status","Start Time","Stop Time","Duration in ms","Parent Suite","Suite","Sub Suite","Test Class","Test Method","Name","Description"
"passed","Sun Feb 21 22:58:04 CST 2021","Sun Feb 21 22:58:04 CST 2021","0","homework.210129","test_calc","TestCalc","","","test_mul[float]",""
"passed","Sun Feb 21 22:58:04 CST 2021","Sun Feb 21 22:58:04 CST 2021","0","homework.210129","test_calc","TestCalc","","","test_sub[minus]",""
"failed","Sun Feb 21 22:58:04 CST 2021","Sun Feb 21 22:58:04 CST 2021","0","homework.210129","test_calc","TestCalc","","","test_mul[failed]",""
"passed","Sun Feb 21 22:58:04 CST 2021","Sun Feb 21 22:58:04 CST 2021","0","homework.210129","test_calc","TestCalc","","","test_sub[int]",""
"passed","Sun Feb 21 22:58:04 CST 2021","Sun Feb 21 22:58:04 CST 2021","0","homework.210129","test_calc","TestCalc","","","test_div[minus]",""
"passed","Sun Feb 21 22:58:04 CST 2021","Sun Feb 21 22:58:04 CST 2021","0","homework.210129","test_calc","TestCalc","","","test_div[bigint]",""
"passed","Sun Feb 21 22:58:04 CST 2021","Sun Feb 21 22:58:04 CST 2021","0","homework.210129","test_calc","TestCalc","","","test_mul[minus]",""
"passed","Sun Feb 21 22:58:03 CST 2021","Sun Feb 21 22:58:03 CST 2021","0","homework.210129","test_calc","TestCalc","","","test_add[int]",""
"passed","Sun Feb 21 22:58:04 CST 2021","Sun Feb 21 22:58:04 CST 2021","0","homework.210129","test_calc","TestCalc","","","test_div[failed]",""
"passed","Sun Feb 21 22:58:04 CST 2021","Sun Feb 21 22:58:04 CST 2021","0","homework.210129","test_calc","TestCalc","","","test_mul[bigint]",""
"passed","Sun Feb 21 22:58:04 CST 2021","Sun Feb 21 22:58:04 CST 2021","0","homework.210129","test_calc","TestCalc","","","test_sub[bigint]",""
"passed","Sun Feb 21 22:58:04 CST 2021","Sun Feb 21 22:58:04 CST 2021","0","homework.210129","test_calc","TestCalc","","","test_div[float]",""
"failed","Sun Feb 21 22:58:04 CST 2021","Sun Feb 21 22:58:04 CST 2021","0","homework.210129","test_calc","TestCalc","","","test_sub[float]",""
"passed","Sun Feb 21 22:58:03 CST 2021","Sun Feb 21 22:58:03 CST 2021","0","homework.210129","test_calc","TestCalc","","","test_add[float]",""
"failed","Sun Feb 21 22:58:03 CST 2021","Sun Feb 21 22:58:03 CST 2021","0","homework.210129","test_calc","TestCalc","","","test_add[failed]",""
"passed","Sun Feb 21 22:58:04 CST 2021","Sun Feb 21 22:58:04 CST 2021","1","homework.210129","test_calc","TestCalc","","","test_div[int]",""
"failed","Sun Feb 21 22:58:04 CST 2021","Sun Feb 21 22:58:04 CST 2021","0","homework.210129","test_calc","TestCalc","","","test_sub[failed]",""
"passed","Sun Feb 21 22:58:03 CST 2021","Sun Feb 21 22:58:03 CST 2021","1","homework.210129","test_calc","TestCalc","","","test_add[bigint]",""
"passed","Sun Feb 21 22:58:04 CST 2021","Sun Feb 21 22:58:04 CST 2021","0","homework.210129","test_calc","TestCalc","","","test_add[minus]",""
"passed","Sun Feb 21 22:58:04 CST 2021","Sun Feb 21 22:58:04 CST 2021","0","homework.210129","test_calc","TestCalc","","","test_mul[int]",""
